trade_date,Open,High,Low,Close,Adj Close,Prev Close,Volume,Returns,Log_Returns,Volatility,Cumulative_Returns,SMA_20,SMA_50,SMA_200,EMA_12,EMA_26,BB_Middle,BB_Upper,BB_Lower,BB_Bandwidth,BB_Percent_B,RSI,Williams_R,CCI,MACD_MACD,MACD_Signal,MACD_Histogram,Stoch_K,Stoch_D,ATR,Keltner_Middle,Keltner_Upper,Keltner_Lower,OBV,Volume_SMA
2025-05-29,0.994,1.02,0.992,1.017,1.017,0.995,1806144.49,,,,,,,,1.017,1.017,,,,,,,,,0.0,0.0,0.0,,,,1.017,,,0.0,
2025-05-30,1.015,1.026,1.009,1.022,1.022,1.017,488605.65,0.004916420845624492,0.004904374715089898,,1.0049164208456245,,,,1.0197083333333332,1.0195961538461538,,,,,,,,,0.00011217948717945347,6.23219373219186e-05,4.985754985753488e-05,,,,1.019625,,,488605.65,
2025-06-03,1.022,1.036,1.015,1.019,1.019,1.022,918798.28,-0.0029354207436400603,-0.002939737540925069,,1.0019665683382497,,,,1.0194318706697458,1.0193819615574173,,,,,,,,,4.990911232849449e-05,5.723471396395789e-05,-7.3256016354634015e-06,,,,1.0193955037468776,,,-430192.63,
2025-06-04,1.019,1.023,1.014,1.017,1.017,1.019,176034.36,-0.001962708537782132,-0.0019646371741648544,,1.0,,,,1.018664224137931,1.0187160691966821,,,,,,,,,-5.184505875122092e-05,2.0283571445265885e-05,-7.21286301964868e-05,,,,1.018703958852868,,,-606226.99,
2025-06-05,1.017,1.021,1.007,1.018,1.018,1.017,207199.43,0.000983284169125076,0.0009828010619082996,,1.000983284169125,,,,1.0184837568135765,1.0185500097964733,,,,,,,,,-6.625298289675285e-05,-5.459097028680665e-06,-6.079388586807219e-05,,,,1.018533677196919,,,-399027.56,
2025-06-06,1.022,1.031,1.014,1.016,1.016,1.018,143533.17,-0.0019646365422396617,-0.001966568972040827,,0.9990167158308754,,,,1.017880073237917,1.0180392631723882,,,,,,,,,-0.00015918993447128216,-4.712870124484249e-05,-0.00011206123322643968,,,,1.017999187040163,,,-542560.73,
2025-06-09,1.017,1.048,1.017,1.038,1.038,1.016,461883.23,0.021653543307086576,0.02142243558740671,,1.0206489675516226,,,,1.0223697645006236,1.0215891767434622,,,,,,,,,0.0007805877571613884,0.00016234425291199585,0.0006182435042493925,,,,1.0217808457145396,,,-80677.5,
2025-06-10,1.037,1.037,1.011,1.022,1.022,1.038,220338.66,-0.015414258188824692,-0.015534292962184233,,1.0049164208456245,,,,1.0222926003485628,1.0216553705496028,,,,,,,,,0.0006372297989600817,0.00027646817985202366,0.00036076161910805803,,,,1.0218187276339858,,,-301016.16000000003,
2025-06-11,1.017,1.026,1.016,1.024,1.024,1.022,137048.63,0.001956947162426559,0.001955034835803295,,1.0068829891838742,,,,1.0226303847710487,1.0220028961056544,,,,,,,,,0.0006274886653943046,0.0003575556534338992,0.0002699330119604054,,,,1.0221686143873963,,,-163967.53000000003,
2025-06-12,1.02,1.026,1.017,1.019,1.019,1.024,96646.34,-0.004882812500000111,-0.004894772376728392,,1.0019665683382497,,,,1.0219424282678637,1.0215885256693247,,,,,,,,,0.0003539025985390687,0.0003567371570779116,-2.834558538842896e-06,,,,1.0216914485161726,,,-260613.87000000002,
2025-06-13,1.023,1.044,1.018,1.035,1.035,1.019,294038.23,0.015701668302257055,0.015579672476744575,,1.0176991150442476,,,,1.0243316490545524,1.0233279981387744,,,,,,,,,0.0010036509157780316,0.0004982781910576342,0.0005053727247203973,,,,1.023590483323902,,,33424.35999999996,
2025-06-16,1.036,1.041,1.025,1.035,1.035,1.035,184722.1,0.0,0.0,,1.0176991150442476,,,,1.026228446829955,1.0247620874762908,,,,,,,,,0.0014663593536641262,0.0007061814250291793,0.0007601779286349468,,,,1.0251447807269523,,,33424.35999999996,
2025-06-17,1.035,1.041,1.024,1.037,1.037,1.035,125806.51,0.0019323671497584183,0.001930502530057845,,1.0196656833824973,,,,1.028098797666011,1.0261957567210476,,,,,,,,,0.0019030409449634078,0.0009594784819863155,0.0009435624629770923,,,,1.0266962025015163,,,159230.86999999994,
2025-06-18,1.038,1.06,1.036,1.048,1.048,1.037,259240.16,0.010607521697203692,0.010551656651460363,,1.0304818092428711,,,,1.03148733701376,1.0286446327284824,,,,,,71.10081426222722,-17.647058823529413,,0.002842704285277664,0.0013534507251392928,0.0014892535601383713,82.35294117647058,,0.019071428571428597,1.0293881984313131,,,418471.0299999999,
2025-06-19,1.048,1.048,1.019,1.032,1.032,1.048,279628.46,-0.01526717557251911,-0.015384918839479456,,1.014749262536873,,,,1.0315732168404392,1.0290076012760978,,,,,,55.25257524705336,-52.83018867924517,,0.002565615564341428,0.0016047246067256596,0.0009608909576157684,47.16981132075483,,0.019142857142857177,1.029708269624269,,,138842.5699999999,
2025-06-20,1.035,1.035,1.014,1.017,1.017,1.032,346263.02,-0.01453488372093037,-0.01464154999294823,,0.9999999999999998,,,,1.0291648778542284,1.027751507542528,,,,,,45.10261921657649,-81.13207547169814,,0.0014133703117003016,0.0015653453193200503,-0.00015197500761974874,18.867924528301845,49.46355900850909,0.019428571428571444,1.0281922970883475,,,-207420.45000000013,
2025-06-23,1.021,1.032,1.018,1.032,1.032,1.017,219461.42,0.014749262536873253,0.014641549992948187,,1.014749262536873,,,,1.0296281177732836,1.0281827666284904,,,,,,54.16937816158831,-52.83018867924517,,0.001445351144793161,0.0015407936295092565,-9.544248471609544e-05,47.16981132075483,37.73584905660383,0.019000000000000017,1.0286358504729614,,,12040.969999999885,
2025-06-24,1.022,1.036,1.012,1.03,1.03,1.032,217418.06,-0.0019379844961240345,-0.0019398648178265917,,1.0127826941986233,,,,1.0296883062049003,1.0283623060817204,,,,,,52.91450846619678,-56.60377358490554,,0.001326000123179849,0.0014970468564397981,-0.00017104673325994907,43.39622641509446,36.47798742138371,0.020071428571428598,1.028791451550698,,,-205377.0900000001,
2025-06-25,1.03,1.07,1.03,1.07,1.07,1.03,458746.01,0.03883495145631066,0.03809984623227038,,1.0521140609636184,,,,1.036160884016003,1.0323767822683696,,,,,,68.58774227459078,-0.0,,0.0037841017476334393,0.0019611462112590927,0.0018229555363743466,100.0,63.52201257861643,0.021928571428571457,1.0334050281455296,,,253368.9199999999,
2025-06-26,1.071,1.102,1.071,1.079,1.079,1.07,534699.74,0.008411214953270907,0.008376037802182682,,1.060963618485742,1.03135,,,1.0429933782941632,1.0367737060724522,1.03135,1.0660291306878238,0.9966708693121762,0.06724997466975091,1.1870126075093683,70.93224227474596,-25.27472527472537,312.7177700348398,0.006219672221710937,0.0028227854372783654,0.0033968867844325714,74.72527472527463,72.7071670467897,0.023000000000000038,1.0384257546339757,1.0812257546339756,0.9956257546339756,788068.6599999999,378812.7975
2025-06-27,1.079,1.1,1.078,1.085,1.085,1.079,649751.25,0.005560704355885182,0.005545300716425369,0.205801539833259,1.0668633235004914,1.03475,,,1.0496554835250742,1.0412316129682613,1.03475,1.0761816177256989,0.9933183822743014,0.08008044015597729,1.1064209263162723,72.41062336003168,-18.681318681318782,254.55984174084918,0.008423870556812929,0.0039534308242308944,0.004470439732582035,81.31868131868121,85.34798534798529,0.022285714285714322,1.043479131980349,1.085679131980349,1.001279131980349,1437819.91,320993.1355
2025-06-30,1.093,1.147,1.091,1.147,1.147,1.085,798026.56,0.05714285714285716,0.055569851154810786,0.28095040285124084,1.1278269419862337,1.041,,,1.0650209956345718,1.0508322553273197,1.041,1.1055796122300954,0.9764203877699045,0.12407226172929002,1.3206924471946726,82.38202159736015,-0.0,285.92890677397764,0.014188740307252035,0.006015709652738365,0.00817303065451367,100.0,85.34798534798529,0.024785714285714317,1.0545642783556377,1.1012642783556377,1.0078642783556377,2235846.4699999997,336464.181
2025-07-01,1.148,1.148,1.122,1.135,1.135,1.147,682717.24,-0.010462074978204061,-0.010517187213867692,0.2853371507714454,1.1160275319567352,1.0468,,,1.0760229376270432,1.0583467335809054,1.0468,1.122873648525623,0.9707263514743769,0.14534514429809522,1.0797013927253183,76.61066825798332,-9.558823529411699,222.74529236868145,0.01767620404613779,0.008361656557711546,0.009314547488426243,90.4411764705883,90.58661926308984,0.025928571428571443,1.0630766246256795,1.1102766246256794,1.0158766246256796,1553129.2299999997,324660.129
2025-07-02,1.136,1.137,1.105,1.107,1.107,1.135,556839.17,-0.02466960352422909,-0.024978997206866187,0.30404319815866493,1.0884955752212386,1.0513,,,1.08087671683307,1.0626254262381647,1.0513,1.1305334326033225,0.9720665673966772,0.15073420071021149,0.851493038796254,65.14301523157937,-30.147058823529377,143.58918840893529,0.018251290594905267,0.010348968178941403,0.007902322415963864,69.85294117647062,86.76470588235297,0.02757142857142858,1.0676762355715577,1.1171762355715578,1.0181762355715576,996290.0599999997,343700.3695
2025-07-03,1.105,1.127,1.102,1.11,1.11,1.107,581542.31,0.0027100271002711285,0.0027063615977430673,0.30384604194851234,1.0914454277286134,1.0558999999999998,,,1.0854270902652736,1.0667346783012353,1.0558999999999998,1.1376361609081316,0.974163839091868,0.15481799584834133,0.8309428739918833,65.73483039190897,-27.94117647058812,115.03811503811552,0.01869241196403837,0.012023984970484498,0.006668426993553871,72.05882352941188,77.45098039215694,0.0275,1.0720667113128006,1.1226667113128006,1.0214667113128006,1577832.3699999996,362417.5135
2025-07-04,1.115,1.117,1.095,1.105,1.105,1.11,760599.63,-0.0045045045045045695,-0.0045146803545266945,0.3046960338301832,1.086529006882989,1.0603500000000001,,,1.0884779444513455,1.0700122847478726,1.0603500000000001,1.1426287943518865,0.9780712056481137,0.15519176564697768,0.7713335820712365,63.79086645651663,-31.6176470588235,87.11943793911004,0.018465659703472914,0.013316225474357892,0.005149434229115022,68.3823529411765,70.09803921568634,0.02792857142857143,1.0754542761871286,1.1265542761871288,1.0243542761871285,817232.7399999996,393270.83650000003
2025-07-07,1.105,1.111,1.095,1.107,1.107,1.105,405971.14,0.0018099547511312153,0.0018083187567836808,0.2978395993662724,1.0884955752212386,1.0638,,,1.0913591658752764,1.0731441885838675,1.0638,1.1478991895573945,0.9797008104426058,0.15811090347319856,0.7568395737661514,64.24633449259264,-30.147058823529377,74.47125409591882,0.018214977291408863,0.01429835047029945,0.0039166268211094125,69.85294117647062,70.09803921568634,0.027857142857142865,1.0786745648569303,1.1281745648569304,1.0291745648569302,1223203.8799999997,390475.23199999996
2025-07-08,1.107,1.113,1.1,1.113,1.113,1.107,546519.04,0.005420054200542035,0.005405418566907982,0.2894597004836963,1.094395280235988,1.06835,,,1.0947197858168822,1.076483548549291,1.06835,1.1527731821492802,0.9839268178507198,0.15804405325835202,0.7644415838356357,65.64259379451696,-25.73529411764702,73.10095171366865,0.01823623726759127,0.015087454178312965,0.0031487830892783057,74.26470588235297,70.83333333333337,0.027071428571428573,1.0821547928241086,1.1302547928241087,1.0340547928241086,1769722.9199999997,406784.25100000005
2025-07-09,1.114,1.128,1.103,1.105,1.105,1.113,943499.16,-0.007187780772686447,-0.007213737323691654,0.29230163986672336,1.086529006882989,1.0723999999999998,,,1.0963139045596821,1.0788498472561663,1.0723999999999998,1.155628031715029,0.9891719682849707,0.1552182613111323,0.695847476674817,62.157135287587984,-31.6176470588235,71.04495037945091,0.017464057303515856,0.015563511466325824,0.0019005458371900326,68.3823529411765,70.83333333333336,0.02678571428571427,1.0844568894019773,1.1340568894019774,1.0348568894019772,826223.7599999997,447106.7775
2025-07-10,1.105,1.105,1.087,1.101,1.101,1.105,578795.04,-0.0036199095022624306,-0.003626477229173215,0.2918282328501829,1.0825958702064895,1.0765,,,1.0970396760217365,1.0806716446796578,1.0765,1.1566748090113097,0.9963251909886902,0.1489545917534784,0.6527911341612549,60.42940019320766,-34.55882352941174,40.93326627958384,0.01636803134207865,0.01572461487783997,0.0006434164642386796,65.44117647058826,69.36274509803924,0.026571428571428562,1.0861147577466754,1.1366147577466754,1.0356147577466754,247428.71999999962,471214.2125
2025-07-11,1.1,1.113,1.097,1.111,1.111,1.101,489724.15,0.009082652134423164,0.009041652916949946,0.28925300334401416,1.0924287118977383,1.0802999999999998,,,1.099199590281161,1.083145856735082,1.0802999999999998,1.1593898223540802,1.0012101776459195,0.1464219612220316,0.6940831265403412,63.184524926924105,-27.205882352941142,53.079160343955316,0.016053733546079085,0.015790503864779856,0.0002632296812992291,72.79411764705887,68.87254901960787,0.026642857142857128,1.0885962826847695,1.1380962826847694,1.0390962826847696,737152.8699999996,480998.5085
2025-07-14,1.113,1.119,1.104,1.11,1.11,1.111,383004.04,-0.0009000900090008201,-0.0009004953332500951,0.28942346509932254,1.0914454277286134,1.08405,,,1.1008691530288468,1.0853203166119592,1.08405,1.161184127882608,1.0069158721173919,0.142307325091293,0.6682134789900908,62.7142846886483,-32.20338983050834,56.25864972571012,0.015548836416887646,0.01574213205110226,-0.00019329563421461443,67.79661016949166,68.67730142904627,0.025999999999999975,1.0907211137440216,1.1401211137440215,1.0413211137440217,354148.82999999967,490912.60549999995
2025-07-15,1.11,1.113,1.095,1.102,1.102,1.11,516373.01,-0.007207207207207245,-0.007233304593520061,0.29195379266322485,1.0835791543756144,1.0873000000000002,,,1.1010438342996305,1.0866616663621351,1.0873000000000002,1.161509092931286,1.0130909070687144,0.1365015964890752,0.5990444662462824,58.93543000589142,-59.74025974025954,36.826222872734995,0.01438216793749536,0.015469966723110186,-0.0010877987856148259,40.25974025974046,60.28348935876366,0.024428571428571404,1.0918363123157853,1.1413363123157851,1.0423363123157854,-162224.18000000034,510440.93049999996
2025-07-16,1.102,1.103,1.094,1.097,1.097,1.102,434078.72,-0.004537205081669771,-0.00454752943762963,0.2918079828014387,1.0786627335299899,1.08975,,,1.100419574655694,1.0874878151445362,1.08975,1.1616969834048143,1.0178030165951857,0.13204309870119627,0.5503843222947055,56.63838613975667,-72.85714285714293,21.38225156277384,0.01293175951115777,0.014962067745342093,-0.0020303082341843227,27.142857142857068,45.06640252402973,0.02278571428571425,1.0923450212702073,1.1403450212702073,1.0443450212702072,-596302.9000000004,519182.8585
2025-07-17,1.1,1.135,1.097,1.134,1.134,1.097,838118.44,0.033728350045578726,0.033172024012467015,0.303939821382411,1.1150442477876101,1.0948499999999999,,,1.1056007616686632,1.0911830904245812,1.0948499999999999,1.1639655401826305,1.0257344598173692,0.1262557248620919,0.7832213992435724,66.91482552003175,-22.95081967213119,74.70067673086963,0.014417671244081998,0.014853144260475362,-0.00043547301639336455,77.04918032786881,48.15059257682211,0.023928571428571393,1.0964353180923943,1.1453353180923942,1.0475353180923943,241815.53999999957,547107.3575
2025-07-18,1.135,1.155,1.132,1.154,1.154,1.134,684947.65,0.01763668430335108,0.0174829627803476,0.2980598711562412,1.1347099311701079,1.1017,,,1.1130650441829661,1.096147061419239,1.1017,1.165261325546775,1.0381386744532248,0.11538771997236104,0.9114136981104352,70.92586538947694,-1.470588235294281,144.1044719459418,0.016917982763727135,0.015266246020311333,0.001651736743415802,98.52941176470573,67.57381641181054,0.021142857142857113,1.1020712000448007,1.1511712000448007,1.0529712000448008,926763.1899999996,564041.5889999999
2025-07-21,1.155,1.162,1.146,1.156,1.156,1.154,483889.28,0.0017331022530329143,0.0017316021642778939,0.2968622522373586,1.1366764995083576,1.1078999999999999,,,1.1196841125916175,1.100853519798521,1.1078999999999999,1.1668590401978576,1.0489409598021422,0.10643386622954724,0.9079103038192586,71.30056358471751,-8.00000000000001,171.12768758227216,0.018830592793096512,0.015979300494393656,0.002851292298702856,92.0,89.19286403085817,0.020428571428571414,1.107337065592613,1.1565370655926128,1.058137065592613,1410652.4699999997,577262.9820000001
2025-07-22,1.152,1.176,1.15,1.162,1.162,1.156,688545.22,0.00519031141868509,0.0051768881795337274,0.295456270574807,1.1425762045231067,1.1145,,,1.126205662790666,1.1056398701532042,1.1145,1.1657968656065123,1.0632031343934878,0.09205359462810633,0.9629912513988929,72.44775968068376,-15.730337078651704,188.0100439422472,0.020565792637461833,0.01689678947801399,0.0036690031594478444,84.2696629213483,91.59969156201801,0.019999999999999987,1.1126618006009812,1.162061800600981,1.0632618006009813,2099197.6899999995,600819.3400000001
2025-07-23,1.167,1.167,1.134,1.138,1.138,1.162,1021480.14,-0.02065404475043031,-0.02087032272558033,0.2835488255282718,1.1189773844641095,1.1179000000000001,,,1.1280228672947812,1.1081623161978056,1.1179000000000001,1.1656709447038125,1.0701290552961877,0.08546550622383464,0.7103789251460595,61.805453193735474,-42.6966292134832,110.6253563961226,0.0198605510969756,0.01748964030604605,0.002370910790929548,57.30337078651681,77.85767790262169,0.020571428571428574,1.11512465329318,1.16382465329318,1.06642465329318,1077717.5499999993,628956.0464999999
2025-07-24,1.139,1.16,1.138,1.159,1.159,1.138,671456.08,0.018453427065026506,0.01828522865347562,0.2881833987708443,1.1396263520157321,1.1219,,,1.132794559254915,1.1121097758033311,1.1219,1.1693525802082563,1.0744474197917435,0.08459324397585592,0.8909165722620181,66.44955585849635,-19.101123595505516,115.33794442422015,0.020684783451583755,0.01812875388792014,0.0025560295636636136,80.89887640449447,74.15730337078652,0.020571428571428574,1.1193809548101954,1.1670809548101955,1.0716809548101953,1749173.6299999994,635793.8635000001
2025-07-25,1.159,1.162,1.151,1.16,1.16,1.159,613544.04,0.0008628127696288512,0.0008624407606584821,0.2882714010174681,1.1406096361848568,1.1256499999999998,,,1.136984454160257,1.1158151264362686,1.1256499999999998,1.1726764203456552,1.0786235796543444,0.08355424927047557,0.8652202288364648,66.65746065624964,-17.977528089887663,117.10924761239325,0.021169327723988385,0.018736933327864833,0.0024323943961235515,82.02247191011234,73.40823970037454,0.02021428571428571,1.1233144003422928,1.1699144003422928,1.0767144003422928,2362717.6699999995,633983.503
2025-07-28,1.164,1.184,1.159,1.183,1.183,1.16,695611.03,0.01982758620689662,0.019633579877976513,0.21805669350143148,1.163225172074729,1.12745,,,1.144070125916515,1.1209962522352925,1.12745,1.1803111886279325,1.0745888113720676,0.09377123354105713,1.0254327555041656,71.09419854529311,-1.030927835051433,148.6555048198881,0.02307387368122238,0.0196043951940306,0.003469478487191778,98.96907216494857,87.29680682651845,0.021071428571428567,1.1290849734492843,1.1719849734492842,1.0861849734492843,3058328.6999999993,628862.7265000001
2025-07-29,1.184,1.202,1.175,1.202,1.202,1.183,681924.11,0.01606086221470826,0.015933251116766006,0.2188629413899487,1.1819075712881015,1.1308,,,1.1529891850428202,1.1272241006534722,1.1308,1.1932907572113034,1.0683092427886967,0.1105248624182939,1.0696842475379802,74.15384655436415,-0.0,167.0606776989753,0.025765084389347992,0.02083661689375739,0.004928467495590602,100.0,93.6638480250203,0.02121428571428571,1.1361244348766892,1.1791244348766892,1.0931244348766893,3740252.809999999,628823.0700000001
2025-07-30,1.212,1.217,1.172,1.185,1.185,1.202,904489.53,-0.014143094841929993,-0.014244061525921203,0.20391582731082677,1.1651917404129788,1.1347,,,1.1579170912381143,1.1316536673487496,1.1347,1.2005805937403338,1.0688194062596663,0.11611984443524055,0.8817512650102689,67.29072540226159,-26.01626016260165,137.55738124790665,0.026263423889364645,0.021922037388791664,0.0043413865005729815,73.98373983739836,90.98427066744898,0.02314285714285715,1.1408368950079593,1.1851368950079593,1.0965368950079593,2835763.2799999993,646205.588
2025-07-31,1.18,1.194,1.171,1.182,1.182,1.185,960515.19,-0.0025316455696203777,-0.0025348556031881773,0.20502691586446517,1.162241887905604,1.1383,,,1.161624169016112,1.1355036366997786,1.1383,1.2063312621636473,1.070268737836353,0.11953134000465111,0.8211758727545051,66.12759679320665,-28.455284552845644,102.79183061645169,0.026120532316333378,0.022761772949942163,0.0033587593663912153,71.54471544715435,81.84281842818423,0.02364285714285714,1.1448010635761603,1.1889010635761603,1.1007010635761603,1875248.0899999994,665154.2320000001
2025-08-01,1.182,1.182,1.151,1.159,1.159,1.182,732420.99,-0.019458544839255465,-0.019650354626291763,0.21890682680997386,1.139626352015732,1.141,,,1.1612202649479357,1.1372961026457276,1.141,1.2077406606910184,1.0742593393089817,0.11698625887996207,0.6348503282229447,57.86894163794845,-47.154471544715484,55.89825603533626,0.023924162302208174,0.022994258921349132,0.0009299033808590415,52.84552845528451,66.1246612466124,0.024785714285714282,1.1461670210041146,1.1911670210041145,1.1011670210041147,1142827.0999999994,663745.3
2025-08-04,1.144,1.2,1.144,1.199,1.199,1.159,865864.16,0.0345125107851596,0.03393031168776252,0.24660813498869508,1.178957718780727,1.1456000000000002,,,1.1670347946116255,1.1419929114531056,1.1456000000000002,1.2150986557991932,1.0761013442008072,0.1213314521633956,0.8841800923048928,65.8555673485747,-14.634146341463428,87.33658234702588,0.025041883158519962,0.023403795184988127,0.0016380879735318349,85.36585365853657,69.91869918699182,0.0275,1.1512447357104685,1.2002447357104684,1.1022447357104685,2008691.2599999993,686739.951
2025-08-05,1.202,1.219,1.196,1.201,1.201,1.199,673876.0,0.0016680567139282232,0.0016666670524692463,0.24670408539010427,1.1809242871189767,1.15,,,1.1722619320274286,1.1464752792692559,1.15,1.2219092995962344,1.0780907004037654,0.12505965147171216,0.8546133830141683,66.20057203996346,-14.754098360655737,131.582987870413,0.025786652758172712,0.023880377327761975,0.0019062754304107372,85.24590163934425,74.48576125105511,0.02850000000000002,1.1560224948584663,1.2060224948584664,1.1060224948584663,2682567.2599999993,693107.7989999999
2025-08-06,1.203,1.238,1.201,1.234,1.234,1.201,718455.3,0.027477102414654286,0.027106382385349417,0.2564847369576027,1.2133726647000973,1.15645,,,1.1817627434775966,1.1531114014151291,1.15645,1.234263474682122,1.078636525317878,0.13457300303882047,0.9983070112008345,71.34537209007931,-3.7735849056603774,156.8692879520976,0.028651342062467444,0.024834587298377807,0.0038167547640896374,96.22641509433963,88.94605679740681,0.02842857142857144,1.1635044112531692,1.214704411253169,1.1123044112531693,3401022.5599999996,681855.6059999999
2025-08-07,1.237,1.237,1.213,1.226,1.226,1.234,954126.45,-0.00648298217179899,-0.006504087969176377,0.25805506107500914,1.2055063913470982,1.1626999999999998,1.09992,,1.1885700801351033,1.1586281813926496,1.1626999999999998,1.2418297402338314,1.0835702597661683,0.13611377007625627,0.8999760381681153,68.61852213568342,-11.538461538461538,143.46549192364162,0.029941898742453787,0.025856064166198026,0.004085834576255762,88.46153846153845,89.97795173174079,0.0285,1.1694965788634335,1.2212965788634336,1.1176965788634334,2446896.1099999994,700622.1765
2025-08-08,1.227,1.236,1.219,1.221,1.221,1.226,764342.03,-0.004078303425774754,-0.004086642385451905,0.2598647465143385,1.200589970501474,1.1682000000000001,1.1039999999999999,,1.1935602940618169,1.1633413631652265,1.1682000000000001,1.2474905383616746,1.0889094616383257,0.13574822523827157,0.8329527147309745,66.89756348682965,-16.346153846153737,128.05680200392808,0.030218930896590335,0.02672864747541661,0.0034902834211737246,83.65384615384626,89.44726656990811,0.028571428571428564,1.1744316265327892,1.2263316265327893,1.1225316265327892,1682554.0799999994,714353.0705
2025-08-11,1.224,1.241,1.221,1.238,1.238,1.221,538740.0,0.01392301392301376,0.013826979133836572,0.2608335964861128,1.2173058013765967,1.1745999999999999,1.10832,,1.2003983261393145,1.1689746055092316,1.1745999999999999,1.25476929455517,1.0944307054448297,0.13650484344486669,0.8954132336562478,69.6817410739075,-2.8037383177571105,129.58642629904588,0.03142372063008292,0.027667670683749597,0.0037560499463333216,97.19626168224289,89.77054876587586,0.028142857142857136,1.1805191943724664,1.2329191943724664,1.1281191943724664,2221294.079999999,722139.8685000001
2025-08-12,1.238,1.24,1.207,1.218,1.218,1.238,931608.0,-0.016155088852988664,-0.01628700497469905,0.26848202365484164,1.1976401179940992,1.1804,1.1123,,1.2031066627914884,1.1726686395057748,1.1804,1.2550483686852458,1.105751631314754,0.12647978428540485,0.7518474325844955,62.97137929160213,-22.330097087378725,96.22259074995384,0.030438023285713545,0.028221745253046836,0.0022162780326667082,77.66990291262128,86.1733369162368,0.02814285714285712,1.184106622861497,1.238006622861497,1.1302066228614969,1289686.0799999991,742901.618
2025-08-13,1.215,1.238,1.215,1.227,1.227,1.218,800511.07,0.007389162561576512,0.00736199644106926,0.2661007497163543,1.2064896755162233,1.1869,1.1164999999999998,,1.2067830051272563,1.1767572605311372,1.1869,1.2531368954268651,1.120663104573135,0.11161327058196151,0.8027013852443924,64.62239994811085,-14.432989690721634,98.41177043749418,0.030025744596119175,0.02858254723091203,0.001443197365207146,85.56701030927837,86.81105830138085,0.028214285714285685,1.1882101570024575,1.2435101570024574,1.1329101570024576,2090197.149999999,761223.2355000001
2025-08-14,1.227,1.231,1.194,1.198,1.198,1.227,1202601.04,-0.023634881825591036,-0.02391866603551695,0.2639971157530166,1.1779744346116017,1.1901,1.1201,,1.2054316353757537,1.178353966378907,1.1901,1.2515899221524616,1.1286100778475383,0.10333572330469983,0.5642381688206752,55.96354679399797,-44.32989690721656,47.2361809045224,0.027077668996846604,0.028281570176487875,-0.0012039011796412709,55.67010309278344,72.96900543822771,0.030071428571428558,1.1891463314114374,1.2443463314114374,1.1339463314114375,887596.1099999989,779447.3655000001
2025-08-15,1.202,1.206,1.19,1.206,1.206,1.198,835141.18,0.006677796327211993,0.006655598611736067,0.25868492895218437,1.1858407079646007,1.1926999999999999,1.1239,,1.2055190836540048,1.1804297103984345,1.1926999999999999,1.2521256722832461,1.1332743277167536,0.09964898513162782,0.6119044975764601,57.64937676282447,-36.082474226804194,24.523649405962765,0.02508937325557037,0.02764312840361011,-0.0025537551480397415,63.917525773195806,68.38487972508587,0.029428571428571422,1.190757372337313,1.245257372337313,1.136257372337313,1722737.289999999,786957.042
2025-08-18,1.208,1.235,1.207,1.235,1.235,1.206,969198.09,0.024046434494195745,0.023761871774946874,0.26988301744287446,1.2143559488692222,1.19665,1.12784,,1.2100549413476216,1.184522876049841,1.19665,1.2563061198166536,1.1369938801833464,0.09970521007254192,0.8214255311765541,63.155730215106,-6.185567010309271,83.17460317460358,0.025532065297780626,0.027220914518692463,-0.0016888492209118366,93.81443298969073,71.13402061855666,0.029571428571428582,1.1949850344026576,1.2507850344026576,1.1391850344026575,2691935.379999999,811222.4824999999
2025-08-19,1.235,1.235,1.209,1.215,1.215,1.235,794381.07,-0.01619433198380571,-0.01632689328742878,0.27858617085637266,1.1946902654867246,1.1992999999999998,1.1317,,1.2108157667371366,1.186806749169838,1.1992999999999998,1.2571568105439261,1.1414431894560735,0.09648430008159149,0.6356797916476958,57.594136824003385,-26.80412371134018,60.775671074418504,0.024009017567298674,0.026578533590216967,-0.002569516022918293,73.19587628865982,76.97594501718213,0.028214285714285716,1.196896982176748,1.252696982176748,1.1410969821767478,1897554.3099999991,816514.275
2025-08-20,1.213,1.23,1.206,1.229,1.229,1.215,784261.01,0.011522633744855959,0.011456753791385981,0.2664521718605027,1.2084562438544728,1.20385,1.1358,,1.2136134877464047,1.1899658700964266,1.20385,1.2553752620719096,1.1523247379280905,0.08560080088368077,0.7440550420190025,60.23399821618895,-12.371134020618541,61.06987066656489,0.023647617649978026,0.025992349279263128,-0.0023447316292851024,87.62886597938146,84.87972508591066,0.028285714285714296,1.1999627697482074,1.2548627697482073,1.1450627697482074,2681815.3199999994,804653.3184999999
2025-08-21,1.229,1.233,1.215,1.221,1.221,1.229,853682.03,-0.006509357200976451,-0.006530635455330189,0.26319037014507696,1.2005899705014738,1.2069500000000002,1.1398400000000002,,1.214749924655635,1.1922876238351983,1.2069500000000002,1.2544140029806525,1.1594859970193478,0.07865115038842095,0.6480069012060263,58.01162555176682,-20.618556701030904,60.169491525424085,0.022462300820436765,0.02528633850553949,-0.002824037685102726,79.3814432989691,80.0687285223368,0.027357142857142875,1.201971269190886,1.256471269190886,1.147471269190886,1828133.2899999993,813764.616
2025-08-22,1.221,1.247,1.21,1.245,1.245,1.221,862365.09,0.019656019656019597,0.01946533478810325,0.2697850941815999,1.2241887905604707,1.2112000000000003,1.14404,,1.2194039570791222,1.1962282788609093,1.2112000000000003,1.256116765126996,1.1662832348730046,0.07416903092304443,0.8762514943410904,62.48362739053966,-3.508771929824554,91.86931957749894,0.02317567821821287,0.024864205930541138,-0.001688527712328268,96.49122807017545,87.833845782842,0.026000000000000023,1.2060784085462468,1.2631784085462467,1.1489784085462469,2690498.3799999994,826205.6685
2025-08-25,1.24,1.278,1.24,1.278,1.278,1.245,856464.07,0.026506024096385472,0.026160826038672057,0.27605584787835735,1.2566371681415915,1.21595,1.1489,,1.2284190192170674,1.202337167060283,1.21595,1.2678587255620257,1.1640412744379744,0.08537970403721475,1.097683716255531,67.59433699674713,-0.0,188.3794274623961,0.02608185215678449,0.02510773541464283,0.0009741167421416612,100.0,91.95755712304818,0.027071428571428587,1.2129419410972089,1.2713419410972089,1.1545419410972089,3546962.4499999993,834248.3205
2025-08-26,1.278,1.28,1.263,1.267,1.267,1.278,613136.04,-0.008607198748043943,-0.008644454616341187,0.2756633163318641,1.2458210422812177,1.2192,1.1535,,1.2343547142290607,1.2071648545036862,1.2192,1.2753936501376222,1.163006349862378,0.09218118460896016,0.9253149589227105,64.44296752330459,-14.444444444444567,184.90842490842547,0.027189859725374577,0.025524160603532086,0.0016656991218424906,85.55555555555543,94.01559454191029,0.025642857142857172,1.2180997492988228,1.275499749298823,1.1606997492988227,2933826.409999999,830808.917
2025-08-27,1.268,1.279,1.244,1.244,1.244,1.267,718617.02,-0.01815311760063132,-0.018319907022014203,0.2792721174179677,1.2232055063913456,1.22215,1.1574200000000001,,1.2358386380895192,1.2099133351517732,1.22215,1.27696173520141,1.1673382647985902,0.08969723062048016,0.6993186305789301,58.3204541468741,-40.0,127.09353648950952,0.025925302937745975,0.025604389120735118,0.00032091381701085733,60.0,81.8518518518518,0.02642857142857145,1.2205705233047623,1.2769705233047624,1.1641705233047623,2215209.389999999,821515.2915
2025-08-28,1.244,1.263,1.216,1.262,1.262,1.244,840300.03,0.014469453376205754,0.014365769802033681,0.2816560956922803,1.2409046214355934,1.22615,1.16202,,1.2398635404382248,1.213797714860439,1.22615,1.2802970706793813,1.172002929320619,0.0883204676089894,0.8310428389771726,61.410419577512535,-20.0,90.64785788923759,0.026065825577785695,0.025696676458488995,0.00036914911929670016,80.0,75.18518518518515,0.0285714285714286,1.2245220965607906,1.2833220965607905,1.1657220965607906,3055509.419999999,815504.5335
2025-08-29,1.262,1.288,1.252,1.287,1.287,1.262,777545.01,0.019809825673533954,0.01961616449496808,0.2737133696131725,1.2654867256637152,1.23255,1.1674200000000001,,1.2471154215087785,1.2192540637396527,1.23255,1.283438836538189,1.181661163461811,0.08257488383950182,1.0349896333269328,65.26238856923695,-1.0204081632654194,176.2145330918575,0.027861357769125794,0.026129612894541864,0.00173174487458393,98.97959183673458,79.6598639455782,0.02971428571428574,1.2304804340860602,1.2897804340860604,1.17118043408606,3833054.429999999,817760.7345
2025-09-01,1.288,1.289,1.253,1.275,1.275,1.287,714444.09,-0.009324009324009341,-0.00936775000360016,0.2554797207271735,1.2536873156342168,1.23635,1.17228,,1.2514054157578083,1.2234073253808806,1.23635,1.2880343659553886,1.1846656340446116,0.08360798472178348,0.8739041708798431,62.060165541661405,-14.141414141414158,140.4312503817722,0.027998090376927687,0.02650330851112017,0.0014947818658075165,85.85858585858584,88.27939256510682,0.029928571428571464,1.2347255890187498,1.29202558901875,1.1774255890187497,3118610.339999999,810189.731
2025-09-02,1.276,1.278,1.228,1.251,1.251,1.275,746152.07,-0.018823529411764683,-0.019002947125615358,0.26719576086134883,1.2300884955752198,1.23885,1.1767,,1.25134304337574,1.2254621911808914,1.23885,1.288115232749828,1.189584767250172,0.0795338140207902,0.6233121140592024,56.128375588679965,-38.38383838383842,57.92369550758835,0.02588085219484859,0.02637881721585789,-0.000497965021009298,61.61616161616157,82.15144643716066,0.0318571428571429,1.2362772513445746,1.2962772513445746,1.1762772513445745,2372458.269999999,813803.5345000001
2025-09-03,1.274,1.274,1.159,1.163,1.163,1.251,1055911.08,-0.07034372501998387,-0.07294035794824656,0.355400112646185,1.143559488692231,1.2353,1.17856,,1.2377516718831851,1.2208123903944,1.2353,1.2951352123049542,1.175464787695046,0.09687559670517953,-0.10415930030897413,40.74881488301235,-96.92307692307692,-125.95474852284178,0.016939281488785207,0.024490909682123297,-0.00755162819333809,3.0769230769230824,50.18389018389016,0.037428571428571464,1.2292914657546214,1.2970914657546215,1.1614914657546214,1316547.189999999,830676.3235
2025-09-04,1.145,1.149,1.1,1.113,1.113,1.163,836077.51,-0.042992261392949316,-0.04394380124311964,0.38308348343421006,1.094395280235987,1.22965,1.1792399999999998,,1.2185589468048466,1.2127895876416654,1.22965,1.3107458497218276,1.1485541502781722,0.13190070299976045,-0.21921066491151447,34.89779631600072,-93.12169312169317,-307.1045167944126,0.005769359163181109,0.020746598962206826,-0.014977239799025717,6.878306878306832,23.857130523797164,0.040785714285714314,1.2182060383456517,1.2899060383456518,1.1465060383456516,480469.679999999,824773.8765
2025-09-05,1.115,1.125,1.102,1.124,1.124,1.113,762038.69,0.009883198562443907,0.009834679178091613,0.3864974331346979,1.1052114060963607,1.2248,1.18002,,1.2040113137977264,1.2061846051877363,1.2248,1.318670235179377,1.1309297648206231,0.15328255254633733,-0.036911406514434024,37.039655685140545,-87.30158730158728,-247.62782835849518,-0.0021732913900098794,0.01616262028832686,-0.01833591167833674,12.69841269841272,7.5512142178808785,0.04035714285714287,1.209226669544454,1.281526669544454,1.136926669544454,1242508.369999999,824658.7095
2025-09-08,1.136,1.139,1.115,1.134,1.134,1.124,629977.16,0.008896797153024716,0.008857453834060803,0.38383580946030543,1.1150442477876092,1.2196000000000002,1.17976,,1.1932402780852087,1.2008165447347767,1.2196000000000002,1.3215646997739905,1.11763530022601,0.16721006850441167,0.08024688843424768,39.00431115364655,-82.0105820105821,-175.5516500683463,-0.007576266649568009,0.011414842400748517,-0.018991109050316528,17.989417989417902,12.522045855379153,0.04021428571428572,1.2020569040496518,1.2747569040496518,1.1293569040496518,1872485.5299999989,829220.5675
2025-09-09,1.131,1.131,1.111,1.113,1.113,1.134,561227.13,-0.01851851851851849,-0.01869213301215252,0.38491097157850507,1.0943952802359869,1.21435,1.17932,,1.180895557504175,1.194287907852996,1.21435,1.3269223626922044,1.1017776373077957,0.18540348777898363,0.04984510595592875,36.433201379161204,-93.12169312169317,-157.14598380389572,-0.013392350348820914,0.006453403432834225,-0.019845753781655137,6.878306878306832,12.522045855379153,0.04014285714285715,1.1935695954591585,1.2652695954591586,1.1218695954591584,1311258.399999999,810701.524
2025-09-10,1.12,1.131,1.112,1.121,1.121,1.113,469196.05,0.007187780772686336,0.007162071796614984,0.3848311235145737,1.1022615535889857,1.20905,1.1796,,1.1716808169281323,1.188840859088332,1.20905,1.3288629682814885,1.0892370317185114,0.1981935706240248,0.1325522968718407,38.10700641996022,-88.88888888888893,-127.66992653140659,-0.017160042160199618,0.001730713995918819,-0.018890756156118436,11.111111111111072,11.992945326278601,0.04021428571428571,1.186654004267513,1.2579540042675132,1.115354004267513,1780454.449999999,794135.7729999999
2025-09-11,1.115,1.143,1.113,1.143,1.143,1.121,690713.04,0.019625334522747506,0.019435240722650706,0.38652109541399793,1.123893805309733,1.2063000000000001,1.1802599999999999,,1.1672683675818234,1.185434635364581,1.2063000000000001,1.3296533222303442,1.0829466777696561,0.2045151657636475,0.2434199628535469,42.58436694955491,-77.24867724867727,-95.79511719615415,-0.01816626778275765,-0.0022486825743851116,-0.01591758520837254,22.751322751322732,13.580246913580211,0.0397142857142857,1.182494193681511,1.253094193681511,1.111894193681511,2471167.4899999993,768541.373
2025-09-12,1.143,1.152,1.137,1.142,1.142,1.143,610553.0,-0.0008748906386703004,-0.0008752735788552639,0.38518421478106296,1.1229105211406079,1.2031,1.181,,1.1633809145080571,1.1822079535156373,1.2031,1.3297622529240238,1.0764377470759763,0.21055980870089563,0.25880738503581663,42.434102032310605,-77.77777777777786,-72.85963165754117,-0.018827039007580204,-0.005564354004048649,-0.013262685003531555,22.222222222222143,18.694885361551982,0.03807142857142855,1.1786356850201491,1.2491356850201492,1.1081356850201491,1860614.4899999993,757311.964
2025-09-15,1.138,1.142,1.131,1.135,1.135,1.142,536445.0,-0.0061295971978982955,-0.006148460300452348,0.3723460087085311,1.1160275319567339,1.1981000000000002,1.18156,,1.159014608651839,1.178701709425022,1.1981000000000002,1.3273291314721745,1.0688708685278259,0.21572344791281908,0.25586000121966734,41.334580697126334,-81.48148148148151,-73.16109662637288,-0.01968710077318314,-0.008388903455347166,-0.011298197317835976,18.518518518518494,21.164021164021122,0.0376428571428571,1.1744780348574104,1.2431780348574104,1.1057780348574104,1324169.4899999993,735674.3095000001
2025-09-16,1.135,1.135,1.115,1.13,1.13,1.135,485996.02,-0.00440528634361248,-0.004415018209116943,0.3695433918749902,1.1111111111111094,1.1938499999999999,1.1819,,1.1545508129160877,1.175085237562046,1.1938499999999999,1.32628989699403,1.0614101030059697,0.22187024667090532,0.2589472604207852,40.52681069658896,-84.12698412698421,-74.82514199877942,-0.020534424645958227,-0.010818007760529625,-0.009716416885428602,15.873015873015783,18.871252204585474,0.03657142857142854,1.1702403064585953,1.2383403064585954,1.1021403064585953,838173.4699999993,720255.057
2025-09-17,1.127,1.139,1.126,1.136,1.136,1.13,561450.09,0.005309734513274433,0.005295687574710503,0.3668740456858532,1.1170108161258587,1.1892,1.18252,,1.1516968364022315,1.1721833943334699,1.1892,1.3229674336891806,1.0554325663108195,0.22497045692764975,0.3011474148348594,41.99178370970512,-80.95238095238103,-60.408088571690065,-0.020486557931238325,-0.012751717837378489,-0.007734840093859836,19.047619047618962,17.813051146384414,0.03414285714285713,1.1669781234056527,1.2339781234056526,1.0999781234056527,1399623.5599999991,709114.511
2025-09-18,1.132,1.152,1.118,1.127,1.127,1.136,576888.01,-0.007922535211267512,-0.007954085241320264,0.36705351555346316,1.108161258603735,1.1844999999999999,1.18304,,1.14789731714369,1.1688293695699883,1.1844999999999999,1.3201551355071877,1.0488448644928121,0.22905046096612544,0.2880655244454302,40.384832737168786,-85.71428571428574,-56.2933992413337,-0.020932052426298364,-0.014387784784069265,-0.006544267642229099,14.285714285714251,16.40211640211633,0.03399999999999997,1.1631694139038558,1.2317694139038557,1.0945694139038558,822735.5499999991,695274.8099999999
2025-09-19,1.131,1.159,1.127,1.141,1.141,1.127,565446.0,0.012422360248447228,0.012345835822299362,0.36179936534556006,1.1219272369714832,1.1793,1.1836399999999998,,1.146836190019457,1.1667638825178845,1.1793,1.3131516067575535,1.0454483932424465,0.22700179217765365,0.3569311160030634,43.97636519749318,-76.96629213483149,-41.338218422708174,-0.01992769249842752,-0.015495766342601986,-0.004431926155825532,23.033707865168505,18.789013732833904,0.03371428571428568,1.1610574043927213,1.2291574043927214,1.0929574043927213,1388181.549999999,680428.8555
2025-09-22,1.141,1.146,1.131,1.145,1.145,1.141,1058314.1,0.0035056967572304476,0.0034995661262643323,0.3448067452155625,1.1258603736479826,1.17265,1.18434,,1.1465536989296552,1.165148809178932,1.17265,1.2988516348213393,1.0464483651786607,0.21524177686665125,0.3904530831191553,44.995975315435885,-74.13793103448279,-39.00497512437808,-0.018595110249276736,-0.016115635130946302,-0.002479475118330434,25.86206896551721,21.06049703879999,0.03121428571428567,1.1595277105134323,1.2253277105134321,1.0937277105134324,2446495.6499999994,690521.3570000001
2025-09-23,1.148,1.152,1.115,1.136,1.136,1.145,812562.0,-0.007860262008733687,-0.007891316707243428,0.34472044922168205,1.1170108161258587,1.1661,1.1850200000000002,,1.1449300513959828,1.162986000264755,1.1661,1.285074389106049,1.0471256108939508,0.20405520814003786,0.3735021872095092,43.09550106310338,-38.98305084745789,-42.75319045407312,-0.018055948868772154,-0.016503697882021988,-0.0015522509867501658,61.01694915254211,36.63757532774261,0.025642857142857096,1.1572864230261881,1.225086423026188,1.0894864230261883,1633933.6499999994,700492.655
2025-09-24,1.132,1.148,1.125,1.147,1.147,1.136,738282.03,0.009683098591549477,0.00963651784827421,0.34502122942564073,1.1278269419862326,1.1612500000000001,1.18602,,1.145248505283695,1.1618000050094042,1.1612500000000001,1.2746303566018276,1.0478696433981727,0.1952729500139116,0.4371584266133345,46.09240705305345,-21.05263157894741,-31.31046613896232,-0.01655149972570924,-0.016513258250828628,-3.8241474880611886e-05,78.94736842105259,55.27546217970397,0.022785714285714236,1.1563065448870993,1.2229065448870993,1.0897065448870993,2372215.6799999997,701475.9055000001
2025-09-25,1.146,1.152,1.138,1.146,1.146,1.147,599016.0,-0.0008718395815171531,-0.0008722198546859691,0.33847044457908415,1.1268436578171075,1.1554499999999999,1.18626,,1.1453641199341762,1.1606279440957175,1.1554499999999999,1.2585298872617463,1.0523701127382534,0.17842379551126653,0.454161765932068,45.855970616743214,-27.083333333333563,-18.338058114812256,-0.015263824161541262,-0.01626337143152441,0.0009995472699831469,72.91666666666644,70.96032808008705,0.0221428571428571,1.155324770835679,1.218624770835679,1.0920247708356792,1773199.6799999997,689411.704
2025-09-26,1.155,1.167,1.137,1.15,1.15,1.146,652606.01,0.003490401396160525,0.0034843240826108427,0.3276531978573739,1.130776794493607,1.1486,1.18618,,1.146077332663014,1.1598396364031416,1.1486,1.23100694911934,1.06619305088066,0.14349111809044052,0.5084944292621026,47.02651592459901,-30.357142857143053,4.495825305073904,-0.013762303740127546,-0.015763157890928206,0.00200085415080066,69.64285714285694,73.83563074352533,0.022571428571428527,1.154817557090557,1.217517557090557,1.092117557090557,2425805.6899999995,683164.754
2025-09-29,1.151,1.162,1.136,1.16,1.16,1.15,584280.04,0.008695652173912993,0.008658062743114531,0.33101928445197637,1.1406096361848557,1.14285,1.1862599999999999,,1.1482192825285715,1.159851529892333,1.14285,1.2004302414941606,1.0852697585058393,0.10076605240260864,0.6489226126442976,49.94025704513285,-12.727272727272954,33.4364949329457,-0.011632247363761561,-0.014936975782433585,0.003304728418672024,87.27272727272705,76.61075036075015,0.02278571428571425,1.1553112047216885,1.2170112047216883,1.0936112047216886,3010085.7299999995,676656.5515000001
2025-09-30,1.16,1.204,1.159,1.203,1.203,1.16,878632.06,0.03706896551724159,0.03639843187426875,0.3573549554785568,1.1828908554572255,1.14045,1.18708,,1.156647088693893,1.1630513758773893,1.14045,1.1803312711617022,1.1005687288382977,0.06993953467789427,1.284202686849993,60.10253122371457,-1.0989010989009782,228.79217912330478,-0.006404287183496171,-0.013230438057587453,0.006826150874091282,98.90109890109903,85.27222777222768,0.02464285714285711,1.1598536744383627,1.2210536744383627,1.0986536744383628,3888717.7899999996,683280.551
2025-10-09,1.202,1.211,1.185,1.208,1.208,1.203,801301.02,0.004156275976724855,0.00414766252008138,0.2489901074040031,1.1878072763028498,1.1427,1.18848,,1.1645475393454465,1.1663844364708627,1.1427,1.1919217324702003,1.0934782675297998,0.08614987743099715,1.1633248843844919,61.09161200425287,-3.125000000000116,284.84565014031773,-0.001836897125416126,-0.010951729865749408,0.009114832740333282,96.87499999999989,94.34960872460867,0.024357142857142824,1.164439659626445,1.216739659626445,1.112139659626445,4690018.81,670550.0480000001
2025-10-10,1.205,1.216,1.197,1.202,1.202,1.208,704336.17,-0.004966887417218513,-0.004979263399607338,0.18658681608797736,1.1819075712881006,1.1471500000000001,1.18934,,1.1703094580714102,1.1690252181202194,1.1471500000000001,1.2009460084608086,1.0933539915391917,0.09379071343905931,1.0097961872018744,59.195173998511734,-13.861386138613877,228.03703003967598,0.0012842399511907576,-0.008504535897718712,0.00978877584890947,86.13861386138612,93.97157092082834,0.02464285714285711,1.1680172731087994,1.2159172731087993,1.1201172731087996,3985682.6399999997,663962.981
2025-10-13,1.188,1.218,1.168,1.217,1.217,1.202,589869.0,0.01247920133111502,0.012401977892374492,0.18791029447280955,1.1966568338249741,1.1518,1.19048,,1.177492620163697,1.1725821379718397,1.1518,1.2127697077503041,1.0908302922496957,0.10586856702605348,1.0346917543628447,62.34244323610103,-0.9708737864076602,168.03608828741739,0.004910482191857302,-0.005821532275731489,0.01073201446758879,99.02912621359235,94.01424669165947,0.027428571428571406,1.172682811756907,1.223282811756907,1.122082811756907,4575551.64,655354.4965000001
2025-10-14,1.215,1.232,1.198,1.202,1.202,1.217,715091.0,-0.012325390304026351,-0.012401977892374343,0.1955908803126767,1.1819075712881009,1.1552000000000002,1.19086,,1.1812629870898437,1.174763073953001,1.1552000000000002,1.219484237242845,1.0909157627571555,0.11129542458941256,0.8640083635371196,57.561240140352915,-25.641025641025667,159.03614457831276,0.006499913136842617,-0.0033572431902246075,0.009857156327067225,74.35897435897434,86.5089048113176,0.028428571428571407,1.175475204906608,1.2270752049066078,1.123875204906608,3860460.6399999997,659610.1885
2025-10-15,1.202,1.206,1.175,1.2,1.2,1.202,650895.05,-0.0016638935108153063,-0.0016652793190612089,0.17949943252693415,1.1799410029498512,1.1595499999999999,1.19082,,1.1841456049765484,1.1766339334607792,1.1595499999999999,1.2235844479660394,1.0955155520339603,0.1104470664758562,0.8158456212619545,56.934264727847605,-27.350427350427374,94.74403313265975,0.007511671515769258,-0.0011834602469143645,0.008695131762683623,72.64957264957262,82.01255774071309,0.029714285714285676,1.177811111584731,1.230211111584731,1.125411111584731,3209565.59,664093.5845
2025-10-16,1.206,1.213,1.184,1.187,1.187,1.2,571626.0,-0.01083333333333325,-0.010892441166423558,0.18629812225997164,1.1671583087512278,1.16285,1.19086,,1.1845847427389666,1.1774023445615467,1.16285,1.2253025925465797,1.1003974074534202,0.10741298111808016,0.693346657162295,52.90077942672568,-38.4615384615384,83.93974602009865,0.007182398177419946,0.0004897114392526647,0.006692686738167281,61.5384615384616,69.51566951566952,0.029357142857142842,1.1786863156494283,1.2320863156494282,1.1252863156494284,2637939.59,669215.082
2025-10-17,1.184,1.193,1.143,1.147,1.147,1.187,566593.0,-0.033698399326032025,-0.03427927748029736,0.2166047556874123,1.1278269419862328,1.16305,1.19016,,1.1788024738843363,1.175148813795108,1.16305,1.2252600854913553,1.1008399145086445,0.10697749106462393,0.3710016239872378,42.84326536423724,-72.64957264957262,-1.9029495718358533,0.0036536600892282944,0.001122501169641167,0.0025311589195871273,27.350427350427374,53.84615384615387,0.03064285714285713,1.1756683471853862,1.231068347185386,1.1202683471853863,2071346.5899999999,663009.08
2025-10-20,1.149,1.165,1.142,1.153,1.153,1.147,520334.0,0.005231037489102031,0.0052174031396883605,0.21726270688101681,1.1337266470009821,1.1636,1.19004,,1.1748328620871038,1.1735071455969137,1.1636,1.2252181791357035,1.1019818208642964,0.1059095550630862,0.41398642293003135,44.546344011620995,-67.5213675213675,-22.876236987534035,0.0013257164901900875,0.0011631442337711637,0.0001625722564189238,32.478632478632505,40.455840455840494,0.03121428571428572,1.17350931191543,1.22970931191543,1.11730931191543,2591680.59,658498.13
2025-10-21,1.152,1.16,1.15,1.157,1.157,1.153,458272.01,0.003469210754553309,0.0034632069246175183,0.21600601569717265,1.1376597836774816,1.1647,1.1892,,1.1720893445912284,1.1722836934509353,1.1647,1.224938473455178,1.104461526544822,0.10344032532871635,0.43608735781020885,45.70778795944085,-70.0934579439252,-19.93530926133726,-0.0001943488597069276,0.0008916456149675274,-0.001085994474674455,29.906542056074798,29.911867295044896,0.029285714285714297,1.171936900909025,1.228036900909025,1.115836900909025,3049952.5999999996,654589.4805
2025-10-22,1.157,1.157,1.142,1.144,1.144,1.157,385996.01,-0.011235955056179914,-0.011299555253933505,0.21962381247674911,1.124877089478858,1.1654,1.18806,,1.1677679066263316,1.170187493559474,1.1654,1.2242500324196097,1.1065499675803903,0.10099542203468291,0.3181819183427563,42.58600291849403,-91.66666666666666,-45.14549904813745,-0.0024195869331424813,0.00022939910513474133,-0.0026489860382772224,8.333333333333332,23.572835956013545,0.02871428571428574,1.1692760973356267,1.2248760973356267,1.1136760973356266,2663956.59,649589.48
2025-10-23,1.145,1.147,1.119,1.138,1.138,1.144,446174.0,-0.005244755244755206,-0.005258557253466939,0.21988518100797874,1.1189773844641089,1.1655,1.18614,,1.1631882283829906,1.1678020636209545,1.1655,1.224146128781466,1.106853871218534,0.10063685762585313,0.2655429218314323,41.18778828097539,-83.18584070796469,-80.75168516375012,-0.004613835237963881,-0.0007392477637316292,-0.003874587474232252,16.814159292035317,18.35134489381448,0.02971428571428574,1.166297273167168,1.2233972731671678,1.109197273167168,2217782.59,643825.6755
2025-10-24,1.148,1.178,1.148,1.164,1.164,1.138,593012.0,0.02284710017574687,0.02259001360510685,0.23165996999320534,1.1445427728613555,1.16735,1.1848999999999998,,1.1633131163310104,1.1675203011909296,1.16735,1.2231476607696783,1.111552339230322,0.09559714013736784,0.4699808203982929,49.001714741205454,-60.17699115044254,-7.2195307305029885,-0.004207184859919222,-0.0014328351831104339,-0.002774349676808788,39.82300884955746,21.65683382497537,0.030428571428571454,1.1660784753956395,1.2237784753956396,1.1083784753956394,2810794.59,644631.875
2025-10-27,1.173,1.178,1.16,1.173,1.173,1.164,555279.0,0.0077319587628867925,0.007702220362092524,0.22937227507193786,1.1533923303834797,1.16895,1.18394,,1.1648034061963293,1.1679263757317584,1.16895,1.223384799241117,1.1145152007588828,0.09313452113626274,0.5372004678667112,51.40838708553372,-52.21238938053092,8.998435054773367,-0.003122969535429121,-0.0017708620536292569,-0.001352107481799864,47.78761061946907,34.808259587020615,0.029857142857142884,1.166737695068243,1.2230376950682431,1.110437695068243,3366073.59,644123.525
2025-10-28,1.173,1.196,1.164,1.187,1.187,1.173,666201.0,0.011935208866155067,0.011864545956192485,0.23229132833503993,1.1671583087512278,1.17105,1.18292,,1.1682182669174048,1.1693397876543132,1.17105,1.2248311354130375,1.1172688645869624,0.09185113430346703,0.6482861962424612,54.96838030735812,-39.82300884955746,38.72443019411857,-0.0011215207369084101,-0.0016409937902681568,0.0005194730533597466,60.17699115044254,49.26253687315636,0.028928571428571463,1.1686675095188503,1.2266675095188504,1.1106675095188503,4032274.59,624517.8699999999
2025-10-29,1.188,1.188,1.179,1.187,1.187,1.187,461272.0,0.0,0.0,0.22956866799073788,1.1671583087512278,1.1736,1.1823,,1.1711077644120251,1.1706484237819064,1.1736,1.2251747796382741,1.1220252203617258,0.08789158084232136,0.6299084561677487,54.96838030735812,-39.82300884955746,39.65303593556352,0.00045934063011876525,-0.001220926906146961,0.0016802675362657263,60.17699115044254,56.04719764011805,0.02771428571428574,1.1704135192143168,1.225613519214317,1.1152135192143167,4032274.59,606953.3699999999
2025-10-30,1.187,1.188,1.164,1.17,1.17,1.187,572746.0,-0.014321819713563722,-0.014425366817866351,0.2350731902601079,1.1504424778761049,1.17475,1.18116,,1.1709373391130116,1.1706003763360449,1.17475,1.2248315125044815,1.1246684874955184,0.08526326878822144,0.45257731084324804,49.82739576688215,-54.8672566371682,1.4420410427064412,0.0003369627769667094,-0.00090934896949823,0.0012463117464649393,45.1327433628318,55.16224188790563,0.028071428571428605,1.1703741352438068,1.225674135243807,1.1150741352438067,3459528.59,598676.5684999999
2025-10-31,1.176,1.176,1.158,1.161,1.161,1.17,556579.03,-0.007692307692307554,-0.007722046093910166,0.2370691300657226,1.1415929203539812,1.1755,1.18042,,1.1694085176741513,1.169889017261109,1.1755,1.2241988598158944,1.1268011401841056,0.08285641823206191,0.35112587794850764,47.3049699651773,-62.83185840707961,-33.32460961353978,-0.00048049958695761674,-0.0008235790929843824,0.00034307950602676567,37.16814159292039,47.49262536873158,0.025785714285714318,1.1694813360886602,1.2251813360886603,1.1137813360886601,2902949.5599999996,596554.72
2025-11-03,1.161,1.169,1.149,1.169,1.169,1.161,502704.0,0.006890611541774394,0.006866979774176976,0.23789507279550517,1.1494591937069802,1.17645,1.1796799999999998,,1.1693456687999229,1.169823145260184,1.17645,1.2237763029125257,1.1291236970874743,0.08045612293344503,0.421291126271051,49.74053768721769,-46.808510638297875,-45.73407367604006,-0.0004774764602610837,-0.0007543585664360262,0.00027688210617494253,53.191489361702125,45.16412477248477,0.024785714285714317,1.1694354934242508,1.2241354934242508,1.1147354934242508,3405653.5599999996,589059.6195
2025-11-04,1.164,1.17,1.144,1.15,1.15,1.169,462896.02,-0.016253207869974418,-0.016386740114772744,0.24350563918728416,1.1307767944936076,1.1759499999999998,1.17798,,1.1663694120100985,1.1683543745358802,1.1759499999999998,1.224210150282224,1.1276898497177756,0.08207857524932896,0.23114464161171333,44.48201986158376,-67.0212765957448,-73.91408687305004,-0.0019849625257817305,-0.0010004793583156815,-0.000984483167466049,32.9787234042552,41.11278478629257,0.024428571428571466,1.167584452689921,1.222284452689921,1.112884452689921,2942757.5399999996,582990.4185
2025-11-05,1.145,1.15,1.135,1.147,1.147,1.15,568787.0,-0.002608695652173809,-0.002612104227924955,0.19944430902828053,1.127826941986233,1.17315,1.17662,,1.163389502426559,1.166772180422421,1.17315,1.2213000942776548,1.124999905722345,0.08208685040728796,0.2284532835054556,43.69650942800586,-63.63636363636358,-101.29976103048364,-0.0033826779958618935,-0.0014769190858412065,-0.001905758910020687,36.36363636363642,40.84461637653125,0.023428571428571448,1.165623988990582,1.217323988990582,1.1139239889905819,2373970.5399999996,567498.1655
2025-11-06,1.157,1.167,1.146,1.163,1.163,1.147,791461.01,0.013949433304272008,0.013853035389293729,0.20655504475399233,1.1435594886922311,1.1709,1.1753,,1.1633295789755786,1.1664926960926982,1.1709,1.2163215344244704,1.1254784655755297,0.07758396861298213,0.41303684364586357,48.881294055824625,-42.857142857142776,-45.22924411400265,-0.003163117117119585,-0.0018141586921061026,-0.0013489584250134822,57.14285714285723,42.161738970249615,0.021357142857142884,1.1653740807061006,1.2165740807061007,1.1141740807061005,3165431.55,567006.1649999999
2025-11-07,1.158,1.159,1.148,1.156,1.156,1.163,432854.0,-0.006018916595012969,-0.006037103286341717,0.20680153429441725,1.136676499508357,1.1686,1.174,,1.162201951429082,1.165715295651499,1.1686,1.2120045837986784,1.1251954162013218,0.07428475748532994,0.3548540396281389,46.848677417055036,-51.94805194805202,-56.45378604149733,-0.003513344222416892,-0.0021539957981756936,-0.0013593484242411984,48.05194805194798,47.18614718614722,0.020785714285714314,1.1644812963402893,1.2152812963402893,1.1136812963402893,2732577.55,553432.0565
2025-11-10,1.157,1.163,1.144,1.155,1.155,1.156,415668.01,-0.0008650519031141446,-0.0008654262764288219,0.1998298255552168,1.135693215339232,1.1655,1.1722,,1.1610939588917266,1.164921415266483,1.1655,1.2027728206323904,1.1282271793676095,0.06396022416540618,0.3591466942687543,46.55087564359514,-53.24675324675317,-53.58143705862646,-0.003827456374756455,-0.0024886879134977022,-0.0013387684612587527,46.75324675324682,50.64935064935068,0.021428571428571463,1.1635783022159472,1.2112783022159472,1.115878302215947,2316909.54,544722.007
2025-11-11,1.156,1.158,1.138,1.142,1.142,1.155,535930.0,-0.011255411255411407,-0.011319232739938543,0.19916957039741368,1.1229105211406085,1.1625,1.16948,,1.1581564267325437,1.1632232260871151,1.1625,1.1969551577377966,1.1280448422622036,0.05927769073169291,0.20251188289420943,42.746699893973975,-70.12987012987023,-88.2611756423808,-0.0050667993545714385,-0.0030043102017196675,-0.002062489152851771,29.87012987012977,41.55844155844152,0.021785714285714314,1.1615231979739846,1.2078231979739846,1.1152231979739846,1780979.54,535763.9569999999
2025-11-12,1.142,1.142,1.112,1.131,1.131,1.142,668590.0,-0.009632224168126036,-0.009678914099835012,0.20073776940552604,1.112094395280235,1.15905,1.16676,,1.1539785149010682,1.1608359214045565,1.15905,1.1914519167724054,1.1266480832275945,0.05591116306010172,0.06715523657093918,39.784079244236594,-77.38095238095245,-169.1812786008801,-0.006857406503488317,-0.003774929462082027,-0.00308247704140629,22.619047619047546,33.08080808080805,0.02192857142857144,1.1586161911078061,1.2048161911078061,1.112416191107806,1112389.54,536648.7045
2025-11-13,1.133,1.139,1.125,1.135,1.135,1.131,497088.0,0.0035366931918656697,0.003530453799382659,0.1996645823560184,1.1160275319567345,1.15645,1.16458,,1.1510587433621748,1.1589218532048549,1.15645,1.1877346018959651,1.1251653981040348,0.054104547357802166,0.1571795915554479,41.37521311191386,-72.61904761904768,-136.20907412804723,-0.007863109842680016,-0.00459256553820895,-0.0032705443044710658,27.380952380952323,26.623376623376544,0.02007142857142858,1.1563670051076325,1.2010670051076324,1.1116670051076325,1609477.54,532921.8045
2025-11-14,1.14,1.149,1.13,1.136,1.136,1.135,506280.0,0.0008810572687223406,0.0008806693655934832,0.16126001966541198,1.1170108161258592,1.1559,1.16206,,1.1487420136036393,1.1572236947942556,1.1559,1.1882526619745832,1.1235473380254166,0.055978306037863676,0.19245189135234467,41.789329750657124,-71.42857142857162,-94.49259155717046,-0.00848168119061632,-0.005370388668695999,-0.00311129252192032,28.57142857142838,26.19047619047608,0.02014285714285716,1.154427270873478,1.196027270873478,1.1128272708734779,2115757.54,529906.1545
2025-11-17,1.151,1.167,1.151,1.155,1.155,1.136,682252.0,0.01672535211267623,0.016587023674797426,0.17145381768455165,1.135693215339232,1.1560000000000001,1.15942,,1.149704780745236,1.1570589548016876,1.1560000000000001,1.1883272738036863,1.123672726196314,0.05592953945274422,0.4845331838670837,49.14043038894156,-43.421052631578924,12.366341236634637,-0.007354174056451557,-0.005767145746249386,-0.0015870283102021711,56.578947368421076,37.510442773600595,0.020071428571428598,1.1544818169997328,1.1968818169997328,1.1120818169997329,2798009.54,538002.0545
2025-11-18,1.155,1.156,1.134,1.139,1.139,1.155,686473.61,-0.013852813852813894,-0.013949659508711817,0.17789945382869954,1.119960668633234,1.1551,1.1567,,1.1480578913944666,1.1557210900721249,1.1551,1.1883005072884445,1.1218994927115555,0.05748507884762268,0.2575338253098975,44.09091244263914,-64.47368421052636,-63.030626305729335,-0.0076631986776583005,-0.006146356332532908,-0.0015168423451253927,35.52631578947364,40.225563909774365,0.021000000000000036,1.1530073461276895,1.1966073461276896,1.1094073461276894,2111535.93,549412.1345
2025-11-19,1.136,1.161,1.136,1.154,1.154,1.139,808496.03,0.013169446883230851,0.013083483620862679,0.17985524332579259,1.134709931170107,1.1556,1.15476,,1.1489720619516761,1.155593587413689,1.1556,1.1883953783650196,1.1228046216349803,0.056759048745274605,0.47560631894238725,49.34600782303895,-34.375000000000114,-24.864234100803667,-0.006621525462012778,-0.006241390158429231,-0.0003801353035835474,65.62499999999987,52.57675438596487,0.021071428571428612,1.1531018852942412,1.1977018852942412,1.1085018852942412,2920031.96,570537.1355000001
2025-11-20,1.151,1.151,1.134,1.138,1.138,1.154,680151.03,-0.013864818024263426,-0.013961832381768634,0.18600228254610937,1.1189773844641089,1.1556000000000002,1.15426,,1.147284052416724,1.1542902214261967,1.1556000000000002,1.1883953783650198,1.1228046216349805,0.0567590487452746,0.23166950836626324,44.537229043316344,-55.17241379310366,-78.64755604557146,-0.007006169009472707,-0.006394345928638375,-0.0006118230808343323,44.82758620689634,48.65963399878996,0.02121428571428576,1.1516636008342966,1.1954636008342967,1.1078636008342966,2239880.9299999997,582235.987
2025-11-21,1.132,1.139,1.104,1.116,1.116,1.138,756633.0,-0.019332161687170335,-0.01952147174501984,0.1775485394120341,1.0973451327433619,1.1532,1.15432,,1.14247112126622,1.1514536320683177,1.1532,1.190167126221173,1.116232873778827,0.06411225497948846,-0.0031497414409979137,38.920894493907866,-81.81818181818176,-166.14874663351873,-0.008982510802097776,-0.0069119789033314704,-0.0020705318987663058,18.181818181818244,42.87813479623816,0.022285714285714322,1.1482670467603189,1.191567046760319,1.1049670467603188,1483247.9299999997,590417.037
2025-11-24,1.116,1.169,1.116,1.168,1.168,1.116,878291.06,0.04659498207885293,0.04554202044691601,0.24623473572232868,1.1484759095378554,1.1529500000000001,1.1552,,1.1463986410779554,1.152679399648602,1.1529500000000001,1.18941757752478,1.1164824224752203,0.06325959933176599,0.706347679521258,53.7627220488186,-1.5384615384617117,-5.884936319718868,-0.006280758570646583,-0.006785734836794256,0.0005049762661476732,98.46153846153828,53.823647616750954,0.024214285714285744,1.1501463859835197,1.1969463859835197,1.1033463859835198,2361538.9899999998,606567.64
2025-11-25,1.167,1.17,1.148,1.162,1.162,1.168,836354.01,-0.005136986301369828,-0.005150225976315793,0.24259701881135565,1.1425762045231063,1.1517,1.15576,,1.1487988501462665,1.1533698722256553,1.1517,1.1848128850735513,1.1185871149264486,0.057502622338371744,0.6555285801451806,52.18696469975542,-12.121212121212162,52.023121387282664,-0.0045710220793888645,-0.006342792285312511,0.0017717702059236468,87.87878787878783,68.17404817404812,0.02471428571428575,1.1512753072255952,1.1970753072255953,1.1054753072255952,1525184.9799999997,615075.2905
2025-11-26,1.163,1.163,1.132,1.133,1.133,1.162,696034.03,-0.024956970740103168,-0.02527367638385012,0.2570397602481977,1.114060963618485,1.1489999999999998,1.15616,,1.1463682578131744,1.151860875968342,1.1489999999999998,1.178615074397651,1.1193849256023487,0.051549302693909664,0.22986730026130167,45.279189894713355,-56.06060606060608,-39.91888141743904,-0.00549261815516755,-0.006172757459283315,0.0006801393041157644,43.939393939393916,76.75990675990668,0.025428571428571467,1.1495347939340772,1.1975347939340772,1.1015347939340772,829150.9499999997,626813.3920000001
2025-11-27,1.132,1.139,1.125,1.131,1.131,1.133,643736.0,-0.001765225066195919,-0.0017667849118858392,0.2530202512529974,1.1120943952802353,1.14705,1.15636,,1.1440039104549167,1.15031551511078,1.14705,1.1759707628930363,1.1181292371069635,0.05042633345196174,0.2225176932683115,44.83838865112844,-59.090909090909115,-100.61009428729773,-0.006311604655863334,-0.006200526898599346,-0.00011107775726398872,40.90909090909088,57.57575757575754,0.025357142857142887,1.1477695682687772,1.1947695682687773,1.100769568268777,185414.94999999972,630362.8920000001
2025-11-28,1.135,1.146,1.129,1.146,1.146,1.131,648398.0,0.013262599469495928,0.013175421158564328,0.25719896877241916,1.1268436578171084,1.1462999999999999,1.15642,,1.1443110011544224,1.1499958261041667,1.1462999999999999,1.1744656752654241,1.1181343247345756,0.04914189176554871,0.49467436876316895,48.859577086315085,-36.36363636363649,-37.19548425430931,-0.005684824949744316,-0.0060973865088282606,0.0004125615590839446,63.63636363636351,49.494949494949445,0.025214285714285727,1.1476010373359269,1.194501037335927,1.1007010373359267,833812.9499999997,634953.8405
2025-12-01,1.166,1.177,1.159,1.17,1.17,1.146,768257.04,0.020942408376963373,0.020726130517116952,0.2672151422086526,1.1504424778761055,1.14635,1.15698,,1.1482631548258266,1.151477707842558,1.14635,1.1746883690055403,1.1180116309944597,0.049441041576377756,0.9172787783830508,54.56645721121071,-9.589041095890577,157.24137931034468,-0.0032145530167313474,-0.005520819810408522,0.0023062667936771747,90.41095890410942,64.9854711498546,0.026000000000000023,1.1497342789934386,1.1977342789934387,1.1017342789934386,1602069.9899999998,648231.4924999999
2025-12-02,1.168,1.175,1.161,1.168,1.168,1.17,637318.0,-0.0017094017094017033,-0.00171086440362943,0.2602514934726301,1.1484759095378558,1.14725,1.15764,,1.1512995925467855,1.152701650989419,1.14725,1.177175345708762,1.1173246542912383,0.05216883104600012,0.8466960783334317,54.0254090368176,-12.328767123287843,137.7834830979894,-0.0014020584426335247,-0.004697067536853118,0.003295009094219593,87.67123287671215,80.57285180572836,0.024857142857142894,1.1514738767220243,1.1982738767220242,1.1046738767220243,964751.9899999998,656952.5915
2025-12-03,1.168,1.169,1.145,1.153,1.153,1.168,733570.0,-0.012842465753424626,-0.012925643119113308,0.26458228008795925,1.1337266470009828,1.14755,1.1581000000000001,,1.1515611936935692,1.1527237520807185,1.14755,1.1775848919898433,1.1175151080101569,0.05234611474853943,0.5907278108714851,50.019547927680435,-32.87671232876717,53.18818040435497,-0.0011625583871492928,-0.003990165706912074,0.0028276073197627816,67.12328767123282,81.73515981735147,0.02557142857142861,1.1516192221931192,1.1993192221931193,1.103919222193119,231181.98999999976,665191.7415
2025-12-04,1.147,1.173,1.143,1.161,1.161,1.153,762096.0,0.006938421509106618,0.006914461428832412,0.2609629630575328,1.1415929203539819,1.14745,1.1586,,1.1530133177413477,1.1533368373949047,1.14745,1.1772809270812317,1.1176190729187685,0.051995166815515415,0.7271132902290031,52.06113984913987,-21.917808219178113,73.70600414078694,-0.00032351965355692514,-0.003256836496240813,0.002933316842683888,78.08219178082189,77.62557077625563,0.026357142857142888,1.1525126318111816,1.2011126318111816,1.1039126318111816,993277.9899999998,663723.491
2025-12-05,1.161,1.194,1.155,1.192,1.192,1.161,908463.21,0.02670111972437539,0.026350865927403426,0.27628182376590393,1.1720747295968528,1.1492499999999999,1.1599,,1.1590112688602838,1.1562009047539548,1.1492499999999999,1.1850086941949194,1.1134913058050804,0.06222961791589212,1.0977567268951598,59.04275471651059,-2.2222222222222276,176.73130193905845,0.0028103641063290663,-0.0020433963757265318,0.004853760482055598,97.77777777777777,80.99441907661082,0.026928571428571444,1.1562733419521658,1.207273341952166,1.1052733419521656,1901741.1999999997,687503.9515000001
2025-12-08,1.21,1.229,1.203,1.207,1.207,1.192,852868.0,0.012583892617449743,0.01250537347223651,0.2787540248052412,1.186823992133726,1.15185,1.16122,,1.1663941505763988,1.1599639581066885,1.15185,1.1959564501787199,1.1077435498212802,0.07658367005898309,1.1251920045314416,61.93174080442669,-17.600000000000016,271.5586895842517,0.006430192469710327,-0.00034867860663881855,0.006778871076349146,82.39999999999998,86.08665651953322,0.028000000000000025,1.1611044620157518,1.2139044620157518,1.1083044620157518,2754609.1999999997,709363.9510000001
2025-12-09,1.198,1.211,1.19,1.198,1.198,1.207,711789.04,-0.0074565037282520175,-0.007484442422136998,0.2766128658868775,1.177974434611602,1.1546499999999997,1.16228,,1.1712565889505493,1.162781551820999,1.1546499999999997,1.203026919246568,1.1062730807534316,0.0837949495458679,0.9480442396409465,59.23208934789209,-24.80000000000011,173.3181299885978,0.008475037129550334,0.001416064540599296,0.007058972588951037,75.19999999999989,85.12592592592587,0.02771428571428574,1.1646183292076786,1.2175183292076786,1.1117183292076787,2042820.1599999997,718156.903
2025-12-10,1.197,1.209,1.189,1.207,1.207,1.198,776973.0,0.0075125208681137146,0.007484442422137034,0.2732817066439471,1.186823992133726,1.15845,1.1637,,1.1767555752670826,1.1660571098965413,1.15845,1.2107828416559718,1.1061171583440281,0.09034976331472545,0.9638578611797962,61.06008071427077,-17.600000000000016,155.40620209880996,0.01069846537054131,0.0032725447065879384,0.007425920663953372,82.39999999999998,79.99999999999994,0.02771428571428574,1.1686546854911901,1.2205546854911902,1.11675468549119,2819793.1599999997,723576.0530000001
2025-12-11,1.209,1.226,1.206,1.208,1.208,1.207,1143951.01,0.0008285004142500885,0.0008281573972286369,0.27343232496906333,1.1878072763028507,1.1621000000000001,1.16492,,1.1815624098422899,1.1691640938155015,1.1621000000000001,1.217631498885053,1.1065685011149473,0.09557094722494246,0.9132789580829641,61.267891935491434,-18.584070796460296,161.89355302732994,0.012398316026788425,0.005097698970628223,0.007300617056160202,81.4159292035397,79.67197640117985,0.026642857142857173,1.1724018639159277,1.2249018639159277,1.1199018639159277,3963744.17,755919.2035000001
2025-12-12,1.208,1.227,1.203,1.221,1.221,1.208,888526.23,0.010761589403973648,0.01070409561594456,0.2745387086875471,1.2005899705014742,1.16635,1.16642,,1.1876297314059887,1.1730039086300474,1.16635,1.2263053342519477,1.1063946657480523,0.10280847816169701,0.9557559446699672,63.96054383350565,-7.6923076923076925,144.83958980148628,0.014625822775941266,0.007003323731690989,0.0076224990442502775,92.3076923076923,85.374540503744,0.02457142857142861,1.1770302641029526,1.2300302641029528,1.1240302641029525,4852270.4,775031.515
2025-12-15,1.225,1.247,1.208,1.239,1.239,1.221,622817.01,0.014742014742014753,0.014634407518437777,0.27338379066981455,1.218289085545722,1.17055,1.1682,,1.195532849652295,1.1778926471673339,1.17055,1.238405806872481,1.102694193127519,0.11593833133566452,1.0043783513519757,67.34559112000599,-6.557377049180328,152.5708892445321,0.01764020248496112,0.009130699482345156,0.008509503002615965,93.44262295081968,89.0554148206839,0.025785714285714332,1.1829321509508277,1.2367321509508278,1.1291321509508276,5475087.41,772059.7655
2025-12-16,1.237,1.24,1.2,1.228,1.228,1.239,739819.11,-0.008878127522195411,-0.008917772922054769,0.2697036331442796,1.2074729596853482,1.175,1.16956,,1.2005277958602085,1.1816044007745625,1.175,1.245755323400246,1.104244676599754,0.12043459302169539,0.8745301233392118,63.42499746345854,-15.573770491803371,112.51806221005457,0.018923395085646,0.011089238603005426,0.007834156482640573,84.42622950819663,90.05884825556954,0.026428571428571468,1.1872243318137203,1.2428243318137204,1.1316243318137202,4735268.3,774727.0404999999
2025-12-17,1.224,1.234,1.202,1.222,1.222,1.228,651129.09,-0.004885993485342022,-0.004897968975547142,0.26909172857768415,1.2015732546705988,1.1784000000000001,1.16994,,1.2038312118820362,1.1845967404191224,1.1784000000000001,1.251405839708743,1.1053941602912571,0.12390672048327048,0.7986062496777121,61.327781443719275,-21.186440677966196,92.32327617393811,0.019234471462913794,0.012718285174987168,0.0065161862879266255,78.8135593220338,85.5608039270167,0.027714285714285754,1.1905363035376375,1.2468363035376375,1.1342363035376375,4084139.21,766858.6935
2025-12-18,1.213,1.26,1.21,1.241,1.241,1.222,701549.01,0.0155482815057284,0.015428645473066662,0.2648606744904652,1.2202556538839715,1.1835499999999999,1.1706,,1.2095494869775782,1.1887748540704317,1.1835499999999999,1.2590454860971991,1.1080545139028006,0.1275746459333349,0.8804863242156905,65.2466963768157,-16.23931623931616,115.20066541900594,0.02077463290714654,0.014329554721419094,0.0064450781857274455,83.76068376068385,82.33349086363809,0.03007142857142862,1.1953423742331348,1.254642374233135,1.1360423742331347,4785688.22,767928.5925
2025-12-19,1.24,1.274,1.239,1.262,1.262,1.241,610332.0,0.016921837228041747,0.016780257896551104,0.252624842410588,1.2409046214355937,1.19085,1.1718000000000002,,1.2176187966738974,1.1941990524577453,1.19085,1.2670748060189818,1.1146251939810181,0.1280174766242295,0.9667115845613431,68.98741539913595,-9.160305343511459,141.86991869918674,0.023419744216152116,0.016147592620365747,0.007272151595786369,90.83969465648855,84.4713125797354,0.03035714285714289,1.2016907247617807,1.2609907247617809,1.1423907247617806,5396020.22,760613.5425000001
2025-12-22,1.265,1.275,1.258,1.262,1.262,1.262,636841.01,0.0,0.0,0.20335341620408354,1.2409046214355937,1.1955500000000001,1.1726999999999999,,1.2244466741090847,1.1992214421790472,1.1955500000000001,1.2772386901918684,1.1138613098081318,0.13665457771212966,0.9067270502435761,68.98741539913595,-9.848484848484782,138.04089859878414,0.02522523193003745,0.017963120482300126,0.0072621114477373246,90.15151515151521,88.25063118956253,0.0305714285714286,1.2074344695316857,1.2631344695316857,1.1517344695316856,5396020.22,748541.04
2025-12-23,1.262,1.27,1.223,1.23,1.23,1.262,743632.0,-0.02535657686212367,-0.025683594734695347,0.22667311259786782,1.2094395280235974,1.19895,1.17326,,1.225301031938499,1.2015013762533902,1.19895,1.2804193355292581,1.1174806644707418,0.13590113937905363,0.6905624969093371,57.96184119391497,-34.090909090909065,83.77459632607719,0.023799655685108778,0.019130427522861877,0.004669228162246901,65.90909090909093,82.30010023903156,0.03221428571428574,1.209583569117391,1.267783569117391,1.151383569117391,4652388.22,743904.9395000001
2025-12-24,1.22,1.27,1.22,1.27,1.27,1.23,618958.05,0.03252032520325199,0.032002731086173734,0.22464667875852723,1.2487708947885925,1.2058,1.17466,,1.2321777962559433,1.2065754326693146,1.2058,1.2869589733015911,1.1246410266984088,0.13461431962446702,0.8955200354828871,65.40474737546413,-4.166666666666582,100.23109491759871,0.025602363586628707,0.02042481473561526,0.005177548851013448,95.83333333333341,83.96464646464652,0.03364285714285716,1.2153375184181838,1.2754375184181839,1.1552375184181838,5271346.27,740051.1405
2025-12-25,1.271,1.325,1.268,1.322,1.322,1.27,825430.01,0.04094488188976375,0.04012884095899461,0.25467348978988,1.299901671583086,1.2153500000000002,1.17736,,1.2459965968324453,1.2151255321271919,1.2153500000000002,1.3040488399615597,1.1266511600384406,0.14596427360276393,1.1011916280202765,72.27659426981653,-2.2058823529410985,188.8866203892745,0.03087106470525347,0.022514064729542923,0.008356999975710547,97.7941176470589,86.51218062982775,0.034928571428571455,1.225495855591923,1.289895855591923,1.161095855591923,6096776.279999999,749135.841
2025-12-26,1.35,1.35,1.316,1.34,1.34,1.322,834390.0,0.013615733736762392,0.01352387253332537,0.254774185312137,1.3176007866273336,1.22505,1.18122,,1.26045865885866,1.2243756244454675,1.22505,1.3236901754384411,1.1264098245615588,0.1610386113847454,1.08267333512468,74.18791635111421,-6.211180124223606,216.10776726855875,0.03608303441319238,0.025227858666272838,0.010855175746919545,93.7888198757764,95.8054236187229,0.03471428571428573,1.236401017636052,1.302501017636052,1.170301017636052,6931166.279999999,758435.441
2025-12-29,1.34,1.363,1.329,1.359,1.359,1.34,743203.08,0.014179104477611837,0.014079521206186557,0.25131495681363525,1.336283185840706,1.2345,1.18534,,1.2756188651884843,1.2343479319129564,1.2345,1.3462732667407324,1.1227267332592674,0.1810826516658283,1.0569310248790897,76.06380954345914,-2.2988505747126466,200.9652862791449,0.04127093327552789,0.02843647358812387,0.012834459687404019,97.70114942528735,96.42802898270754,0.03564285714285715,1.2480771164584092,1.3144771164584093,1.1816771164584092,7674369.359999999,757182.743
2025-12-30,1.36,1.386,1.34,1.348,1.348,1.359,772780.04,-0.008094186902133815,-0.008127122678891261,0.2554509823283686,1.3254670599803327,1.2435,1.18916,,1.286754424390497,1.2427667064145174,1.2435,1.3615392441431875,1.1254607558568126,0.18985001068466015,0.9426493949471431,72.76664106499133,-20.430107526881624,177.63124652619845,0.04398771797597956,0.031546722465695023,0.012440995510284533,79.56989247311837,90.35328725806069,0.03749999999999999,1.2575935854392806,1.3271935854392807,1.1879935854392805,6901589.319999999,763955.845
2025-12-31,1.347,1.392,1.345,1.389,1.389,1.348,920253.04,0.030415430267062282,0.029962051282091392,0.25632724297380194,1.3657817109144526,1.2553,1.19406,,1.302484512946093,1.2535989246977328,1.2553,1.382105445674198,1.1284945543258023,0.20203209698748956,1.0271855608769214,76.80284931036758,-1.562499999999944,169.3629467141949,0.04888558824836009,0.03501449562222805,0.013871092626132037,98.43750000000006,91.90284729946859,0.03942857142857142,1.2701084866826515,1.3420084866826516,1.1982084866826515,7821842.359999999,773289.997
2026-01-05,1.402,1.423,1.382,1.408,1.408,1.389,996398.0,0.013678905687544818,0.013586193963643769,0.2565583888089875,1.384464110127825,1.26765,1.19946,,1.3187176648007917,1.2650361611108758,1.26765,1.403569906756266,1.131730093243734,0.21444390290106258,1.0162967049840541,78.40046112085919,-6.726457399103191,171.62200742281445,0.053681503689915866,0.03874789723576563,0.014933606454150233,93.2735426008968,90.42697835800509,0.04064285714285714,1.2832410161453973,1.3562410161453973,1.2102410161453974,8818240.36,785005.097
2026-01-06,1.396,1.462,1.391,1.462,1.462,1.408,847465.0,0.03835227272727271,0.03763510359173609,0.26972537174390304,1.4375614552605682,1.2811499999999998,1.20542,,1.3407611009855742,1.2796262165170573,1.2811499999999998,1.4375277814343084,1.1247722185656912,0.24412095606963838,1.0782471088323118,82.16087044246399,-0.0,171.32947567730173,0.06113488446851689,0.043225294682315896,0.017909589786200997,100.0,97.23701420029896,0.04292857142857141,1.3002656864175033,1.3764656864175033,1.2240656864175032,9665705.36,781955.1865
2026-01-07,1.463,1.463,1.426,1.453,1.453,1.462,653141.0,-0.006155950752393946,-0.006174976739440874,0.27584309354350167,1.4287118977384443,1.29345,1.21102,,1.358028623911062,1.292468834254054,1.29345,1.4633818439226387,1.1235181560773613,0.26275749959045763,0.9694529180552971,79.6712913373567,-3.8314176245210745,150.12301286903897,0.06555978965700793,0.04769219367725431,0.01786759597975362,96.16858237547893,96.48070832545858,0.042714285714285705,1.314811815496427,1.391011815496427,1.238611815496427,9012564.36,771968.8365
2026-01-08,1.45,1.528,1.44,1.527,1.527,1.453,744467.05,0.05092911218169305,0.04967464164834953,0.3047002421962879,1.501474926253685,1.3099,1.21782,,1.384024220232681,1.309841657562418,1.3099,1.5030390554415212,1.116760944558479,0.29489129771970546,1.0620302934165837,83.97179780141205,-0.31446540880506657,166.47074329763967,0.0741825626702628,0.052990267475856015,0.021192295194406782,99.68553459119494,98.61803898889129,0.04671428571428571,1.3350202190180047,1.4179202190180047,1.2521202190180047,9757031.41,773602.737
2026-01-09,1.579,1.629,1.533,1.595,1.595,1.527,1368122.06,0.044531761624099664,0.04356871000031263,0.32454705871300815,1.5683382497541767,1.3293000000000001,1.22598,,1.416482032504834,1.330964660268313,1.3293000000000001,1.5542464029730803,1.10435359702692,0.33844339573170856,1.0905851271420348,86.74642547595676,-8.31295843520783,197.41264387239698,0.085517372236521,0.05949568842798902,0.026021683808531988,91.68704156479217,95.84705284382203,0.05042857142857143,1.3597802036990128,1.4508802036990127,1.2686802036990128,11125153.47,803160.1900000001
2026-01-12,1.624,1.718,1.621,1.718,1.718,1.595,1826248.01,0.07711598746081494,0.07428708732525563,0.389282053249808,1.6892822025565362,1.3548,1.23694,,1.4628694121197865,1.3596341489426649,1.3548,1.6315188198571957,1.0780811801428043,0.40850135792322956,1.1562618331984684,90.08863834238534,-0.0,220.54632729794466,0.10323526317712162,0.06824360337781554,0.034991659799306074,100.0,97.12419205199569,0.05671428571428572,1.3938963816815668,1.4952963816815668,1.2924963816815669,12951401.48,837275.04
2026-01-13,1.71,1.71,1.555,1.578,1.578,1.718,1574876.15,-0.08149010477299179,-0.08500260113838107,0.5259209024646725,1.5516224188790537,1.37265,1.24528,,1.4805818102553046,1.3758095038709273,1.37265,1.658920593375534,1.0863794066244659,0.4171064632288407,0.8586641533428809,68.81686959119227,-28.11244979919677,147.7796313949794,0.10477230638437729,0.0755493439791279,0.029222962405249395,71.88755020080323,87.85819725519848,0.06714285714285716,1.4114300628280274,1.5267300628280274,1.2961300628280275,11376525.33,871592.536
